{
  "project_info": {
    "project_number": "186056469586",
    "project_id": "fir-project-82e54",
    "storage_bucket": "fir-project-82e54.appspot.com"
  },
  "client": [
    {
      "client_info": {
        "mobilesdk_app_id": "1:186056469586:android:4f0f6dea80dfc551ac438b",
        "android_client_info": {
          "package_name": "com.example.firebaseproject"
        }
      },
      "oauth_client": [],
      "api_key": [
        {
          "current_key": "AIzaSyByk_Wnx8rx3-d-bkP875hhcDvsZNeAq0I"
        }
      ],
      "services": {
        "appinvite_service": {
          "other_platform_oauth_client": []
        }
      }
    }
  ],
  "configuration_version": "1"
}